SID,Phone Number
11,972-532458468
12,972-516926496
13,972-560437641
14,972-560143765
15,972-536673145
16,972-599342084
17,972-523256549
18,972-521919180
19,972-507830103
20,972-597008065
21,972-501244105
22,972-574772244
23,972-553576317
24,972-521549290
25,972-557754528
26,972-597194179
27,972-539107339
28,972-574077862
29,972-599692734
30,972-539665654
31,972-507794638
32,972-596875641
33,972-568186721
34,972-540049529
35,972-570279946
36,972-575641254
37,972-596483436
38,972-501165166
39,972-566222176
40,972-552499357
41,972-528644129
42,972-517347450
43,972-541594037
44,972-510226342
45,972-577984918
46,972-522021663
47,972-528682479
48,972-541588725
49,972-500287526
50,972-597794207
51,972-590118515
52,972-557498693
53,972-544718064
54,972-579866634
55,972-527458675
56,972-513333084
57,972-570015637
58,972-565076392
59,972-581712850
60,972-517795075
61,972-571943108
62,972-546169810
63,972-569903717
64,972-545377946
65,972-548506981
66,972-530470142
67,972-578634600
68,972-556238184
69,972-500750577
70,972-517131167
71,972-531429741
72,972-541542963
73,972-591896679
74,972-546341320
75,972-541392334
76,972-520136922
77,972-506008994
78,972-519890989
79,972-557872453
80,972-556464675
81,972-531692258
82,972-574675402
83,972-508381148
84,972-519473736
85,972-527288963
86,972-565315211
87,972-503850862
88,972-591194746
89,972-587083300
90,972-504392287
91,972-529341734
92,972-534301085
93,972-598108905
94,972-590897906
95,972-581502999
96,972-537254918
97,972-588791151
98,972-581029498
99,972-549816337
100,972-519907759
101,972-509215046
102,972-548271533
103,972-539594473
104,972-587441505
105,972-525750412
106,972-562760067
107,972-529319526
108,972-575829625
109,972-530093819
110,972-579992046
111,972-541643633
112,972-500117175
113,972-581144236
114,972-545460492
115,972-503074859
116,972-563710849
117,972-551553007
118,972-589210222
119,972-584284956
120,972-531606319
121,972-503623822
122,972-576228648
123,972-598208116
124,972-583129813
125,972-579673812
126,972-538586109
127,972-565158736
128,972-579559736
129,972-570651779
130,972-506800783
131,972-595237930
132,972-508056869
133,972-504847376
134,972-549777002
135,972-511952781
136,972-592068682
137,972-539456049
138,972-594656932
139,972-522917913
140,972-563519659
141,972-501896840
142,972-587052262
143,972-575001102
144,972-502371672
145,972-597174494
146,972-543829859
147,972-557659947
148,972-516016021
149,972-542003737
150,972-579418305
151,972-517776031
152,972-575536654
153,972-560460746
154,972-527363502
155,972-549039055
156,972-503492439
157,972-594176313
158,972-523925566
159,972-547454822
160,972-572320159
161,972-518909384
162,972-578502115
163,972-596504716
164,972-529634444
165,972-541976955
166,972-539411850
167,972-533878622
168,972-563181082
169,972-504371522
170,972-558866935
171,972-576901587
172,972-592892271
173,972-565078410
174,972-575420273
175,972-546892786
176,972-578156639
177,972-509948165
178,972-558732725
179,972-578477135
180,972-550035185
181,972-523360954
182,972-542061711
183,972-525425014
184,972-570332552
185,972-539089269
186,972-566404015
187,972-512083821
188,972-527194563
189,972-562790299
190,972-545404089
191,972-516158988
192,972-535992149
193,972-526192008
194,972-543173858
195,972-512953479
196,972-514593076
197,972-563225972
198,972-590951893
199,972-531180571
200,972-528087049
201,972-554386694
202,972-525525565
203,972-542588594
204,972-544464046
205,972-576594699
206,972-548878059
207,972-533010679
208,972-530207827
209,972-584879732
210,972-558838580
211,972-518442794
212,972-508444595
213,972-554948912
214,972-563453207
215,972-547536215
216,972-581927465
217,972-570829779
218,972-573094607
219,972-513618696
220,972-590076358
221,972-547229567
222,972-524026499
223,972-560438452
224,972-509892713
225,972-552144092
226,972-518710890
227,972-542899072
228,972-580885779
229,972-551845820
230,972-559774610
231,972-561511513
232,972-538700555
233,972-528323003
234,972-526979666
235,972-517963235
236,972-553627432
237,972-562442315
238,972-561508595
239,972-578331399
240,972-504355790
241,972-562320888
242,972-543489173
243,972-563189128
244,972-567696219
245,972-560642692
246,972-531003628
247,972-591510998
248,972-539204259
249,972-501952676
250,972-534062439
251,972-509058260
252,972-579481873
253,972-594282386
254,972-548689789
255,972-506983528
256,972-592396337
257,972-545673205
258,972-592943401
259,972-550671579
260,972-569251748
261,972-592621534
262,972-551969695
263,972-567827013
264,972-530742465
265,972-596001794
266,972-511678734
267,972-580688768
268,972-517490919
269,972-562916746
270,972-527415178
271,972-542059780
272,972-516011716
273,972-574320980
274,972-597488605
275,972-594988493
276,972-574246193
277,972-538928180
278,972-590750178
279,972-560645491
280,972-588575150
281,972-593911872
282,972-509757324
283,972-500911693
284,972-555534066
285,972-573908260
286,972-539384438
287,972-546386526
288,972-569798575
289,972-562065677
290,972-570524835
291,972-526478278
292,972-556367167
293,972-550382554
294,972-531966838
295,972-512883683
296,972-508112915
297,972-520081998
298,972-532238898
299,972-563699906
300,972-571375016
301,972-517672098
302,972-592419900
303,972-511626217
304,972-536980265
305,972-576047873
306,972-588776859
307,972-599093724
308,972-589072007
309,972-583905842
310,972-510027326
311,972-519857859
312,972-550698838
313,972-559060575
314,972-545721092
315,972-569219806
316,972-529517384
317,972-593104629
318,972-538762812
319,972-590322212
320,972-523804467
321,972-540331369
322,972-589101287
323,972-562165158
324,972-511938617
325,972-574544083
326,972-552021499
327,972-525248377
328,972-577823694
329,972-587343352
330,972-592649343
331,972-504974470
332,972-597088071
333,972-581227068
334,972-534885541
335,972-556270367
336,972-502444681
337,972-531517408
338,972-581042319
339,972-593484744
340,972-536504409
341,972-595888541
342,972-581658110
343,972-592534007
344,972-594767222
345,972-577046759
346,972-579091872
347,972-537474042
348,972-525940819
349,972-561819857
350,972-508152014
351,972-508352702
352,972-560501778
353,972-508545152
354,972-505174675
355,972-578745209
356,972-544781011
357,972-559449353
358,972-502475906
359,972-557902225
360,972-599272738
361,972-541240737
362,972-515370257
363,972-587105173
364,972-543835579
365,972-599189936
366,972-598203137
367,972-586507639
368,972-582610971
369,972-520345581
370,972-535786354
371,972-503400111
372,972-599572825
373,972-553863783
374,972-535065374
375,972-502111717
376,972-535764495
377,972-551329225
378,972-535634204
379,972-517789505
380,972-579791678
381,972-507692457
382,972-586085724
383,972-573310106
384,972-501761347
385,972-535438739
386,972-525655305
387,972-573597504
388,972-531427714
389,972-596740481
390,972-511285456
391,972-533562932
392,972-580646266
393,972-519307425
394,972-579147593
395,972-506857655
396,972-586874827
397,972-535209982
398,972-502939244
399,972-534652825
400,972-567267750
